mean0,mean1,mean2,mean3,mean4
1324.3104502428735,1399.6812448408598,493.2688840769103,1551.8281652180349,1357.5423317081945
