mean0,mean1,mean2
4535.647225686816,4391.699841015985,4479.90475671675
