mean0,mean1,mean2,mean3,mean4
4554.020257800709,4560.159703339109,4567.4813575787875,4533.295888994519,4507.699904803559
