mean0,mean1,mean2,mean3,mean4
87.41743024298157,89.80765795579516,89.97589603778957,89.65005895831503,90.87640508757947
