mean0,mean1,mean2,mean3,mean4
4607.032511076741,4595.145706504026,4573.016804397076,4619.280791898691,4593.277660926025
