mean0,mean1,mean2,mean3,mean4
2749.337645632077,2292.7309487914986,3461.4111873745824,4270.565559043517,3715.486802979976
