mean0,mean1,mean2,mean3,mean4
4580.3695153782155,4527.160568722681,4551.677035633328,4616.343921886647,4447.582964544934
