mean0,mean1,mean2,mean3,mean4
3600.889850819288,3118.609090768023,3756.819843911101,3809.8197202241986,3954.924984518
