mean0,mean1,mean2,mean3,mean4
4544.789622780243,4529.122890774566,4566.7280636067235,4524.043418106703,4545.63224076436
