mean0,mean1,mean2,mean3,mean4
4097.526419866316,3562.624511172625,3158.355807633159,3261.849922349652,3090.191458896065
