policyParams0,policyParams1,policyParams2,policyParams3,policyParams4
"[ 0.14115528  0.05037573 -0.04434142 ...,  0.34151491  0.          0.        ]","[-0.15622795  0.2340608  -0.05337624 ..., -0.41417694  0.          0.        ]","[-0.0660178   0.18746959 -0.08449283 ...,  0.35437688  0.          0.        ]","[-0.07149666  0.22075691  0.13949168 ...,  0.36856083  0.          0.        ]","[ 0.16792468 -0.20833804 -0.17445442 ..., -0.23917967  0.          0.        ]"
"[ 0.13123551  0.08368523 -0.01355884 ...,  0.36045632 -0.00675277
 -0.04726852]","[-0.15531107  0.23359396 -0.04672158 ..., -0.42050811  0.00248393
 -0.01076472]","[-0.06956834  0.18660074 -0.08316564 ...,  0.35778492  0.00226088
 -0.00319416]","[-0.07452135  0.21996976  0.14093057 ...,  0.37635454  0.00228111
 -0.00686036]","[ 0.16646007 -0.20792249 -0.17396758 ..., -0.23813426 -0.00155801
 -0.00821308]"
"[ 0.11839929  0.09126363 -0.01363895 ...,  0.37030093 -0.00173982
 -0.0562852 ]","[-0.15135821  0.22816451 -0.02063985 ..., -0.43120964  0.01261296
 -0.03370581]","[-0.06291136  0.1851493  -0.08441809 ...,  0.38062107  0.00464486
 -0.02979221]","[-0.06993135  0.21824501  0.13907403 ...,  0.38472929  0.00388875
 -0.04705123]","[ 0.16860187 -0.2091266  -0.17334777 ..., -0.26279     0.00277138
 -0.05734623]"
"[ 0.12202764  0.08184646 -0.03084536 ...,  0.39316863  0.00690035
 -0.0605737 ]","[-0.15130949  0.22225923 -0.00662302 ..., -0.43867595  0.00576018
 -0.06527808]","[-0.06505911  0.18473689 -0.08353051 ...,  0.37989159 -0.00736686
 -0.0524151 ]","[-0.06594268  0.21615659  0.13504183 ...,  0.38734414  0.01084294
 -0.07190426]","[ 0.17124837 -0.21011749 -0.17250121 ..., -0.28167218  0.01261209
 -0.06708383]"
"[ 0.11454252  0.09575055 -0.02439253 ...,  0.37966609  0.01017095
 -0.07475058]","[-0.1441715   0.218595   -0.00056342 ..., -0.41797688 -0.00468349
 -0.06882487]","[-0.03943784  0.18508062 -0.09054094 ...,  0.39526521 -0.00557912
 -0.06670756]","[-0.05045357  0.21930079  0.12326685 ...,  0.38439001  0.00412079
 -0.07927854]","[ 0.18851219 -0.23283704 -0.17327543 ..., -0.29075054  0.00286284
 -0.06861738]"
