mean0,mean1,mean2,mean3,mean4
3071.616940183368,3545.235032050477,3635.5033295813405,4150.493066828301,4149.359391287134
