mean0,mean1,mean2,mean3,mean4
89.21735990291612,91.30908477166786,91.76010946500209,90.18923121364412,91.15076448455332
