mean0,mean1,mean2,mean3,mean4
1326.4688872622407,1668.263509220238,751.1978872821095,1541.4634178598665,1617.3662347693537
